{"cameraMode":{"drawMode":0,"name":"Shaded","section":"Shading Mode"},"sceneLighting":false,"audioPlay":false,"sceneViewState":{"showFog":true,"showMaterialUpdate":false,"showSkybox":false,"showFlares":true,"showImageEffects":true,"showParticleSystems":true},"in2DMode":false,"pivot":{"x":9.269608497619629,"y":10.76801872253418,"z":-7.5525126457214359},"rotation":{"x":-0.18676339089870454,"y":0.6712615489959717,"z":-0.18059176206588746,"w":-0.6942055225372315},"size":2.8578848838806154,"orthographic":false}