{"cameraMode":{"drawMode":0,"name":"Shaded","section":"Shading Mode"},"sceneLighting":true,"audioPlay":false,"sceneViewState":{"showFog":true,"showMaterialUpdate":false,"showSkybox":true,"showFlares":true,"showImageEffects":true,"showParticleSystems":true},"in2DMode":false,"pivot":{"x":18.271236419677736,"y":14.813165664672852,"z":-8.900415420532227},"rotation":{"x":-0.05208681523799896,"y":0.9479171633720398,"z":-0.2217584103345871,"w":-0.22264806926250459},"size":40.00624084472656,"orthographic":false}